Age,Years_At_Company,Salary,Projects_Completed,Satisfaction_Score,Performance_Rating,Work_Hours_Per_Week,Promotions,Department,Remote_Work,Attrition
50,16,96273,28,4.446763615149381,2.6785095312272413,50,0,HR,0,0
36,12,44895,4,2.096286357368764,1.2024898890762965,54,1,Operations,1,0
29,15,116559,9,4.228283615466812,1.1575673347712776,50,4,Operations,1,0
42,7,50699,27,1.7809624118259682,3.2957994642760418,41,4,IT,1,1
40,18,105061,4,2.3813678089795514,2.571580435572716,48,3,Sales,0,0
44,17,49715,2,2.342441817079371,1.114609710310618,60,0,Sales,0,1
32,0,59169,22,4.914101873556563,3.333009569250227,60,2,Finance,1,0
32,13,56163,5,4.426148894991707,1.0452101463560899,48,0,Operations,0,1
45,18,45782,3,3.804679446361039,4.149487832597092,41,2,HR,1,1
57,14,75585,17,3.9082270464615605,2.2257312908134863,67,1,HR,0,0
45,17,70682,27,3.2482911776102843,1.1610320120369284,60,1,Finance,0,1
24,1,87864,8,4.788362668434076,3.3534088839326133,54,4,Sales,1,1
43,16,95114,16,2.985035011529446,2.5907376577322188,37,1,HR,0,0
23,17,78067,28,2.522070839479578,4.8952016534285985,38,4,Sales,0,0
45,5,82685,12,1.652141347726364,3.1767946500148088,60,0,Finance,0,1
51,18,58073,26,4.1448226090442315,2.100956724148033,45,1,Sales,0,1
59,3,76035,14,3.9377757283023658,3.837755458535899,36,0,Sales,0,0
23,0,104977,29,2.5374201540965395,2.0859680101708453,48,0,Sales,1,0
42,7,105450,19,1.1007736558369174,4.61697316563026,64,1,HR,0,0
54,6,50382,16,4.355989310872043,2.4988878820295057,46,0,IT,1,0
33,2,44437,12,1.0456719338162945,3.199474251104821,60,1,Operations,0,1
43,9,110971,15,3.814799118516204,1.2022924152969154,67,1,Sales,0,0
46,9,104612,21,4.881028438904228,2.704484951808923,47,1,Sales,1,0
48,18,101929,3,2.750645312592814,4.32945415864398,48,2,Sales,1,0
49,13,52329,4,1.939893619983811,4.222595221453368,58,0,IT,0,1
37,1,65169,4,3.819484040173527,1.897274235414105,68,3,Finance,0,1
36,0,74594,8,4.268512568062341,1.9043162840422507,60,1,HR,1,0
24,17,116957,16,3.1857212643113892,4.269221248852947,55,0,IT,1,1
58,6,100631,12,4.868141101024585,4.721593680677302,62,4,Sales,1,0
28,7,85033,1,1.2066748866318444,1.3814436850920142,36,1,IT,1,0
42,0,103133,12,3.0191823932181125,2.800234557704901,43,1,IT,0,0
30,2,113165,21,3.8738157892902003,2.349817115856916,57,3,IT,0,0
39,7,113861,20,4.450561884596716,4.482753821829757,49,2,Finance,0,0
25,14,92290,26,1.7170224476311602,1.334099658720075,47,2,Operations,0,0
46,4,71750,22,4.200013927054726,1.8445037702321496,57,1,HR,0,0
35,2,80461,18,3.210828302874181,4.009873350345977,51,0,Finance,1,0
30,18,113800,2,2.586214727959853,1.2051753959248623,36,4,Finance,1,0
47,0,118222,9,1.5268601143163743,2.970141522857157,54,4,Operations,1,0
23,14,64226,1,4.461183035635649,2.76842813871888,54,0,Finance,0,0
41,7,46721,12,1.6290928327188614,2.3376047159549946,37,1,IT,1,1
49,1,96154,18,2.239151436836397,2.578289261275695,46,4,IT,0,0
28,2,60609,25,2.1601821278497475,3.1197623477209317,36,2,Sales,0,1
29,13,92130,16,4.485656136763417,1.6454694335535325,48,0,Finance,0,0
56,13,112909,20,3.690811976835592,3.287983513134371,50,3,Sales,1,1
35,10,95249,13,4.186725588765489,4.221729317199945,53,1,HR,0,0
38,15,88895,11,2.001871595169996,4.040643719160636,68,0,IT,0,1
57,3,45656,20,3.4994963984279956,1.6155996187750947,40,4,HR,1,0
25,19,114520,11,3.2869839325749948,1.5969978789658956,47,1,Operations,0,1
23,4,103740,10,4.331321507153085,2.0726974709796533,56,2,IT,1,0
27,13,104309,6,4.624348241925042,2.444298905364149,52,1,HR,0,0
25,15,69984,3,1.0486270859095472,2.6338223256339304,46,1,Operations,1,1
50,17,113822,18,3.6960796762351706,3.718788867333381,64,2,HR,0,0
39,6,45901,0,1.207343196478916,1.2267217286633416,41,2,Operations,0,1
47,9,71552,27,3.1954346603094237,1.1386908169042655,66,1,Operations,1,0
55,6,71055,23,2.150530916174713,2.567642251775636,53,2,IT,0,0
31,0,77685,28,2.227106398088565,3.788654768551922,40,0,Sales,1,1
57,18,113965,2,2.4118340138094263,1.7737413718259303,54,2,Operations,0,0
35,15,54716,12,3.4851697961984405,3.566017925025007,61,2,Operations,1,1
52,18,51138,14,2.336199862675077,2.039312551761198,41,1,IT,0,1
36,3,75298,1,3.9307962023611216,4.544344435254065,39,0,Sales,0,0
29,17,91112,10,2.6181095422954788,4.582759777066466,45,3,Finance,0,0
35,1,63429,3,1.2734128012398345,2.189148817125306,49,3,Finance,1,1
44,0,90200,18,4.135039369936429,1.919975015852962,37,4,Sales,1,0
42,14,111308,28,2.143033298370824,2.645215888264925,39,2,HR,1,1
37,4,88244,16,2.7310675183970505,1.9621263407205949,57,2,IT,1,1
39,19,57347,2,3.741775532887606,3.6895353731668146,43,0,Sales,1,0
45,10,56920,27,2.329824628594848,4.304258738193142,49,3,Finance,0,0
47,9,71822,17,1.2263426245868625,3.692368523644868,37,4,Operations,0,1
46,1,86659,7,2.4956841880512544,4.297401788997398,63,0,Finance,0,1
50,2,80108,21,4.777794330777214,2.5879686488298965,40,2,Operations,0,0
36,11,47967,24,3.5669375891942328,1.6252678828354434,51,3,IT,0,0
22,19,51871,23,3.6859165946688277,3.9518037895903686,60,4,Operations,1,0
46,4,117452,25,3.5291286145505594,2.4418980205662155,55,1,Sales,0,0
28,4,114270,18,1.7959685558377472,3.68508330091653,42,3,Operations,1,0
30,5,73613,4,2.6733354564091205,2.0825757679270627,55,4,HR,0,0
45,8,68179,6,4.0037591934532735,1.3249185392266907,45,0,Sales,1,0
22,1,92188,20,1.4054915902126366,4.9703271819510535,42,1,IT,1,1
29,11,95099,7,2.111411104358849,1.6248060317223971,58,4,Sales,1,1
45,2,75262,27,2.1052764338634145,4.953683975853924,69,4,HR,0,1
32,19,118213,4,2.728075710378024,4.90911973026579,48,2,IT,0,0
38,11,58268,16,4.92147496376874,4.175272415632159,48,3,Finance,0,0
29,16,117866,4,1.2700101867352878,3.6376918483279903,44,2,HR,0,1
56,9,100545,3,3.07480397752238,3.311228201004339,46,1,IT,1,0
56,13,112146,21,1.7174587280488418,4.464406181511339,68,4,Operations,1,0
54,16,111966,18,4.8827061816389765,2.1577580864779518,44,2,Sales,1,0
26,17,79922,26,1.4532140189098568,2.870724849939508,51,3,IT,1,0
49,18,119364,20,2.614404009446365,3.4775598774660077,51,1,Sales,0,0
28,16,82913,1,3.9515399393384247,2.6447619034779644,37,0,Operations,1,0
30,13,95677,10,3.818217712109781,2.709945816361072,65,2,IT,0,1
29,8,89841,21,2.690914547575729,2.3211386700083376,35,1,Finance,1,0
33,7,86332,12,2.386096671810873,3.256927266738144,46,0,HR,1,0
55,1,65032,14,2.5904495142114823,4.402298112060464,38,2,IT,1,0
54,12,77846,11,2.057105052634557,1.8061135120252514,47,1,Operations,0,0
44,6,99474,21,1.8213317548271992,4.737732155013766,68,1,IT,0,1
45,8,84936,20,2.93215879023556,3.7563506149929187,55,2,Sales,1,0
58,10,69794,21,2.0741350242704293,4.293092850720121,56,1,IT,1,0
56,13,101588,10,2.1498466595890005,3.2247627705200466,38,4,Finance,1,1
43,3,110984,6,3.6270242538982282,4.1180668056962535,52,2,IT,0,0
48,12,90331,27,4.874149326799569,1.0648015893578688,39,1,HR,0,0
56,1,68141,4,3.4145488022375003,4.273521699118141,53,0,IT,0,0
22,4,49074,16,1.3079178682598651,1.160555436341466,36,0,Sales,1,1
56,10,46406,23,1.302334455416268,4.55965350545145,46,4,IT,0,0
58,5,63291,19,4.805692883382264,4.967850988954574,51,2,Finance,1,0
35,17,81568,8,2.1891631612293345,2.1762698487071113,44,1,Operations,0,1
24,9,86851,13,1.3682679443299017,1.8412742251431746,68,1,IT,1,1
22,3,94823,25,3.3961783486015262,4.061453455432163,40,0,IT,1,0
26,8,63312,11,3.4945951131610644,2.012105363681013,42,4,HR,0,0
47,5,83108,5,3.5940192804747526,4.462249532688814,45,0,Finance,1,0
35,1,106918,16,2.069608111430165,1.4113703686299068,46,0,Operations,1,1
48,16,74171,18,1.0604427368579001,1.503820785517433,43,4,Sales,1,0
30,4,81779,18,4.860061477817887,4.916606220402462,36,2,IT,0,1
36,5,108828,25,2.00357218276441,3.6953555930800186,42,1,Operations,1,1
36,11,52411,15,3.70410515221019,4.387548897715812,45,2,Sales,0,1
47,9,97009,11,3.8265194795148383,2.297317509406072,44,3,Finance,0,0
34,5,55422,11,3.4400296683179428,3.7059349980824177,55,3,Finance,1,0
53,7,82468,19,2.251629576854593,3.376967309234389,54,3,Operations,0,0
53,1,72371,5,2.084385015056263,3.412600480491788,42,4,Sales,1,0
25,11,97022,22,3.3906731308108125,3.7301298381508863,63,0,Finance,0,0
51,12,111229,25,4.4643825344467665,3.3014366925163943,46,2,Operations,1,0
58,6,91196,3,4.786934915693582,2.716249477210664,48,1,Finance,0,0
44,9,66715,5,1.4236232176150305,2.1036907775221874,55,3,Finance,1,0
36,12,67605,10,1.6193144503908794,4.074325323652808,56,2,Finance,1,0
50,16,71174,0,4.778945035132319,1.9050897200127448,55,3,HR,1,0
57,13,49956,29,3.9461409133391703,3.7694172246176567,64,3,Sales,1,0
34,1,116373,23,4.531975299319092,1.9333312905973066,54,1,Operations,0,0
53,10,109252,22,1.8105305365413726,3.5013206798178156,58,4,Operations,0,0
28,0,101949,14,3.3503434844376074,3.9883130685161157,57,0,Sales,1,1
43,18,102646,26,3.8045583776698946,1.8748555556261568,41,4,Sales,0,0
49,3,110017,10,3.7204475417878906,1.2397732034452331,43,2,Sales,1,0
23,18,103037,24,2.6326067634667925,1.5238949719766963,35,4,Sales,1,0
27,10,46548,18,1.061579566765234,3.423987869084102,60,2,IT,0,1
49,7,113294,17,3.3317042272170525,4.397785624902943,56,2,Operations,0,1
49,10,63177,16,2.012406156718435,1.1799872849416975,44,0,IT,1,1
41,3,64022,18,2.8010169845715613,3.936605036166585,40,1,Finance,0,0
51,16,45542,20,4.830324060335269,2.3652745838002085,51,0,Finance,1,0
32,6,100428,13,2.596141270569739,2.91411347967809,58,4,Operations,0,0
49,7,62740,26,4.359206426657707,4.7154381993822625,44,2,Finance,0,0
46,2,99353,17,1.7541624229970045,2.327886018943382,42,3,Sales,0,1
54,1,96532,27,3.6898419921001153,2.861347735757944,55,3,IT,0,0
22,14,56052,18,4.908027817755774,1.0547296590427244,40,2,Sales,0,0
48,4,87076,14,1.4075724034917472,1.3263948800193535,55,0,Finance,1,1
34,0,93420,14,1.033279768908768,2.034366364539136,58,1,IT,0,0
24,3,40671,3,2.7343311705304574,1.1114089632842976,67,0,Sales,0,0
27,14,40163,6,1.3705019322054688,3.525501304193004,52,2,Operations,1,0
29,19,81424,12,3.9935373987049254,2.70559342720649,62,2,Sales,1,0
48,18,93744,2,4.658194655394236,3.192580810912088,66,1,Finance,1,1
30,2,110331,15,2.7360838908350353,1.6985887435853182,46,4,IT,0,0
58,19,50634,8,2.034846568621764,2.1837281177464645,61,4,Operations,0,1
54,10,44798,7,2.737613276026439,3.6552978994109004,44,1,IT,1,1
45,16,62420,19,3.893791271400004,4.8612108945216,66,4,Operations,1,0
36,12,69300,12,1.036216646321484,1.2016670944088368,60,3,IT,1,1
53,10,50749,16,3.3578159579387887,4.561537283421064,59,4,Finance,1,0
53,1,65121,16,3.4531667395495163,3.307524805244834,45,4,Operations,0,0
45,8,77487,16,3.550752987583742,3.255678267022495,57,4,HR,0,0
33,1,73361,0,1.9680883199235089,3.0011141408310413,68,3,IT,0,1
23,8,61223,7,3.856210893512507,1.2775763436167336,57,4,IT,0,0
24,8,112930,18,1.3655659453271056,1.3595074069446427,63,3,Sales,0,0
58,7,54056,5,1.7970813458672033,3.4036480226363444,65,1,Operations,1,0
38,16,68380,2,4.509880186617927,2.363834285742233,41,0,HR,0,0
23,0,66035,26,3.9548926029062654,4.669072266310723,67,1,Finance,1,0
23,10,70620,4,1.054982216045381,2.626362149437889,55,0,Sales,1,0
49,7,59877,12,1.9935050414792008,1.5731258348105643,36,1,HR,1,1
44,9,95316,14,1.8576259319726582,3.858875334008144,52,0,Operations,0,1
58,6,104041,13,2.0832253121478903,2.1734136857640394,67,0,HR,1,1
53,2,93352,28,1.9902390811195456,3.1018812294235727,68,2,IT,0,1
54,2,70911,22,1.250105182971383,3.79133114202068,54,0,IT,1,0
22,17,72784,15,2.8357620663872813,4.601056444808282,69,0,Sales,0,1
40,4,43191,17,3.9309338991446605,4.168764779206704,52,2,Operations,1,0
23,11,73160,21,3.4269268988697457,3.7054442714908964,58,4,Operations,0,0
47,11,104641,28,3.691486674392319,3.7185327295805743,42,4,HR,1,0
53,18,89723,21,1.3245967141449566,4.783698576128346,64,2,Sales,1,1
27,5,43631,10,4.805962840707149,2.183296389986144,44,3,Operations,1,0
53,1,46172,2,4.353967335372099,1.0044483767847496,57,0,IT,1,1
25,11,82080,21,4.22036127398265,2.0878182375927947,45,0,HR,0,0
32,18,60281,9,4.29193522016707,1.871565518506976,36,2,Finance,0,0
38,4,68671,9,4.730842032531045,3.6473383404559927,60,2,IT,0,0
59,11,91431,29,3.177015864454791,3.534846399062116,67,3,Sales,1,0
45,16,68602,20,1.8011280714705036,3.3738455308188953,47,4,Operations,1,0
26,16,91399,15,3.4671344314101646,1.0649737728378148,59,1,IT,1,0
55,9,63472,11,3.971525974671756,3.91511221780259,38,4,Finance,1,0
27,16,89230,1,3.9516695734161016,2.294121649941966,53,0,Finance,1,1
43,14,113616,8,3.0857960966675204,3.6602239560265244,52,2,Sales,1,0
32,11,47099,23,1.2738348773343122,3.2263137140086133,64,3,IT,0,1
37,15,65431,2,2.4844517537205113,2.3709237017116287,53,4,HR,0,1
54,18,96492,23,4.68306643385343,1.538305068416431,57,3,IT,0,0
30,7,87684,29,3.337795639029704,1.3776755906419238,50,4,Finance,0,0
27,16,70111,24,3.1533277730228537,4.326073332448894,35,0,Sales,0,0
37,4,103936,29,2.075414057528774,4.673590168326232,46,1,Sales,0,1
50,15,62614,14,2.4737956796663156,3.5991521870571983,58,3,HR,0,0
24,5,81991,2,4.581384356612677,1.4137364594419335,68,3,Sales,0,1
41,7,110476,18,3.665852190107343,2.608108867552963,42,1,Sales,1,0
57,17,100920,17,4.149548107009331,3.915756800420629,52,3,Sales,1,0
40,11,103530,7,2.8173816922706205,4.119283536040273,39,3,Sales,1,0
47,14,76224,25,3.5209888778246317,1.4728744891643544,60,4,Sales,1,0
24,8,47788,16,1.9935344349728301,1.0001228753815297,64,4,Finance,1,0
40,12,68082,7,3.821843321133945,3.84854818352242,47,1,IT,1,0
41,14,116816,6,2.710405334813349,2.4263847039448225,53,0,Operations,1,0
53,9,56531,29,2.7701820592589823,2.017925326473041,63,3,Sales,0,0
28,15,84857,6,3.5972892983075266,1.0515898791581018,37,0,Operations,0,0
54,6,50142,2,4.745122485875706,3.1611976270459987,60,1,Operations,1,0
39,16,88355,0,1.2560253864344837,4.404602941703927,46,1,Finance,0,0
22,6,49866,3,4.29897294938803,4.830526585090352,36,4,Sales,0,0
32,13,110067,24,2.1695324416487725,3.262979802453157,45,3,Operations,0,1
49,14,104027,4,2.7756778180255113,3.0578453109595767,62,2,Sales,0,1
46,6,97906,0,1.0876533151000358,1.3402255419569644,52,1,HR,0,0
44,8,68138,14,2.204184311337252,3.195491206170399,47,3,HR,1,1
52,18,69956,4,3.010524970520522,2.5199163158615785,56,0,HR,0,0
51,15,116295,12,1.224704309389756,3.4285411235343077,46,4,Operations,1,0
56,7,45439,7,2.9643829175326606,2.554905391506187,36,0,HR,1,0
28,17,87241,7,4.70844251543371,1.961196493801467,41,1,Finance,1,0
37,17,82533,4,1.4215728724312209,1.379861100913506,60,1,Finance,0,1
47,19,68270,27,4.057762912302017,2.259673778355583,60,0,Operations,1,0
23,6,118815,8,2.6386842135039705,1.3865793371510091,58,1,Sales,1,0
22,2,79279,0,3.620694858097352,1.7075878032959357,46,3,IT,1,0
33,17,63888,3,2.0409463919409174,4.949344634318184,50,1,Sales,1,1
26,9,57630,2,1.6379690501654331,2.7764142276264745,57,4,Sales,0,1
58,6,101063,1,1.6418504570849057,3.127487066020066,43,3,Sales,1,1
53,16,75144,7,1.2819677825725786,4.494474114948861,66,2,Sales,1,0
30,13,92161,22,1.742586819604972,4.982275601962751,49,1,IT,1,1
56,2,117360,8,3.656877539955873,3.330857797378726,47,1,HR,1,1
40,11,90979,1,4.526762447374033,4.249895284176686,39,4,Sales,0,0
37,12,46979,13,4.256502742364647,2.307764097346701,45,4,Finance,1,0
24,1,66189,13,3.7405372394979364,2.2229758297891644,44,0,Operations,1,0
41,2,82600,3,1.4417274536444107,2.610814883978241,47,0,Operations,1,0
45,4,99560,29,2.1567497851837993,3.6900290506945965,49,0,Finance,1,1
54,10,118040,5,2.239227501289876,3.728766757020395,41,4,Sales,1,1
45,7,101558,10,1.999827785590485,2.2609577385978032,62,0,IT,1,1
32,11,46910,2,3.0600226388388925,1.5328396965465148,66,0,HR,0,1
29,6,97713,7,3.1422152595186903,3.5295850258620343,69,2,Operations,1,1
57,14,86857,2,2.427543900684441,1.513303448755058,49,0,HR,0,0
59,16,74964,13,2.415156634945744,3.3139700329173203,55,1,IT,0,1
41,3,65227,27,4.314222391624325,3.773688512225236,40,4,Operations,1,0
56,12,45978,12,4.157171393278743,3.8024459855778066,35,3,HR,0,0
46,17,57153,12,2.2311833267229826,4.013888442638387,38,2,IT,1,0
56,0,99765,1,4.655153775493037,4.491437686262659,45,4,HR,0,0
46,15,79071,12,4.811260068010024,2.9998359678591537,60,4,Sales,1,0
50,12,109519,28,2.3069701681201633,3.9209967581182847,57,1,IT,0,0
39,9,49503,18,2.4176997951722194,3.476690941463347,63,0,HR,0,1
39,11,100703,26,3.0225366136878353,1.7465597591907303,55,1,Sales,1,1
23,1,104379,5,4.764483250134694,1.1027585794776327,61,0,Sales,0,0
56,2,97866,15,4.505277732569246,2.138165542707735,47,0,IT,0,1
37,9,56905,1,1.4102718503343592,2.7721348253504776,57,4,Finance,0,1
57,1,85838,7,2.570922973085665,3.468423777714625,50,0,Operations,0,0
54,12,98279,16,3.2134847589990874,4.3998373220128215,64,2,IT,0,0
25,12,66806,22,3.01252989020616,1.7849828668246626,38,2,Sales,1,0
54,17,85000,1,1.7754522717475707,1.5021991595939084,50,2,Sales,0,0
35,2,62168,9,4.435267084672619,4.85391978989731,65,4,IT,0,0
42,6,110119,27,3.7077631319873494,1.4321782375056284,59,1,Finance,1,0
41,13,78714,15,4.351633499407214,2.9139642804287567,46,3,Operations,1,0
29,19,94093,5,4.435057117397889,3.3422549151732075,60,0,HR,1,0
28,16,95419,27,3.993423414662959,3.165497683629753,67,3,IT,0,0
24,11,89145,1,2.7568424049988693,1.3441286281317728,62,1,Operations,0,0
38,15,117425,1,3.442187020061698,1.2281076560144775,43,1,Operations,0,0
54,11,117811,25,1.6414616244789726,1.4219337098441427,46,4,Sales,0,1
33,14,42461,12,3.6945816698996308,3.34235073549045,39,2,HR,1,0
43,9,54291,23,1.717013022957123,3.1773795505372844,62,2,IT,1,0
43,6,86804,14,3.7757983620406272,1.934963168146977,69,1,Sales,0,0
51,19,116971,27,1.9183926430158746,3.5510965673823662,39,4,Sales,0,0
59,4,104946,1,1.47020520060088,4.2802700082225975,68,4,Finance,0,0
59,0,101332,6,1.6611379605718297,1.166315839386375,68,0,Operations,0,1
29,16,117794,2,1.007968540876281,2.9925197741921696,47,2,IT,1,1
48,2,70841,7,3.874958471414121,3.757241648410761,48,1,IT,1,0
48,12,88758,22,3.9296041962335164,2.0092477082787483,45,3,IT,0,0
55,13,116272,13,3.059733399653038,2.2310836211725964,38,2,Sales,1,0
42,17,77643,23,1.6454512042215348,3.4545516119575352,67,0,Finance,0,0
51,3,90408,29,1.334217350042759,4.591741173774947,41,4,HR,0,0
54,17,83950,22,1.076515865749148,4.239697681211597,42,1,Sales,1,0
49,4,96849,26,1.6629927078608828,3.332520876398334,44,2,HR,0,1
54,15,68044,21,4.563422139932587,3.920886871028997,49,3,Finance,1,0
26,0,55997,28,1.966147366806727,2.4592898808311947,49,0,Operations,0,1
40,13,119751,6,2.4170853088688626,3.563862112395031,39,0,IT,1,1
25,14,63911,20,1.4213819379253327,2.864726364510228,63,2,HR,0,1
56,8,95533,6,1.8894452189926811,1.7597445458302436,53,3,Sales,1,0
38,14,54571,0,3.0768982831208205,3.8069530955090287,44,0,HR,0,1
49,16,97941,16,3.4310107323826102,3.225858549395288,46,1,Operations,0,0
51,3,98005,8,1.9814092566648442,2.4344863278143656,38,0,IT,1,1
50,11,98712,29,1.2309286369004688,4.645356760314523,65,3,HR,0,1
27,4,83541,20,2.5641314765095946,1.083736471306933,52,4,Operations,1,1
56,4,63387,12,1.9368134837053366,2.263092604997984,50,4,Sales,1,1
58,10,88908,20,1.8782156929192078,1.2275255911105862,59,2,Finance,0,0
45,5,53057,18,4.839451210853821,4.066109264886508,57,3,Sales,0,0
50,6,104028,20,3.4652019437028962,3.8084298164551704,46,0,IT,0,0
52,13,95731,18,3.2275137726883836,2.325408874945268,68,0,Sales,0,0
56,10,64858,24,2.6631004140932877,3.702651608828292,37,4,Sales,1,0
54,12,88689,24,2.715777333720577,2.5837489047837994,43,4,Sales,0,0
42,1,84638,21,3.1636200153523233,4.025015165689737,52,1,Sales,0,1
53,6,86486,16,3.785719228144429,2.8167346509468243,69,4,IT,0,0
44,19,60567,22,3.8085843847273178,2.649118911326662,68,1,Operations,1,0
54,3,69739,22,1.6867756308217983,4.738919661953204,48,0,HR,0,0
24,7,97804,29,3.000451008306508,2.003516399562801,38,1,Finance,1,0
39,19,43754,9,2.647832380136408,1.4817893599862617,63,1,HR,0,1
46,18,67044,9,4.482107865077537,3.3381724530378327,49,2,HR,1,0
52,12,107260,3,3.5256756848735056,4.877287249136716,62,4,Finance,0,0
24,13,106912,7,3.130016265663927,2.5113568549087466,50,1,IT,0,0
45,9,48706,21,1.4615785687156695,1.248147054515126,46,0,Finance,1,1
53,10,48894,19,3.422551557293646,2.35722106923827,39,3,IT,0,1
43,1,58037,19,1.4688156227209337,3.0237266172782338,68,1,HR,0,1
44,8,91612,17,2.3488263022630083,1.6476920265288548,35,4,IT,0,1
23,16,69725,13,1.5713678592573275,3.632408872225968,66,2,Operations,1,1
48,2,45926,17,3.7682945880974756,4.990997556040803,60,0,Finance,0,1
23,5,49496,27,1.8250084553446104,2.8069579039257753,51,2,Operations,1,0
47,4,96447,13,2.567437492752104,2.4189142269208506,61,3,HR,1,1
38,4,69806,19,4.582699110475115,2.6028166673378665,58,1,Finance,1,0
54,14,81321,20,1.8172655335958812,1.4605847135808046,69,1,HR,0,0
30,16,105095,23,3.0312202558351165,4.533094405704896,60,4,Operations,1,0
50,8,62656,14,2.677086644664088,2.659302622085408,57,1,HR,1,0
47,2,95147,21,1.072496164182919,2.5490976456993653,56,0,Finance,0,0
56,19,89666,29,4.171032454291251,3.6387610917218973,38,3,Finance,1,1
46,16,78787,3,1.276183625258399,2.768133683724494,43,2,HR,1,0
45,9,102946,12,2.8970200839078144,3.592933875231384,38,3,Finance,0,0
34,2,61727,26,3.2427131797557998,1.24578516052315,41,1,Finance,0,0
28,17,108056,22,3.5137058264583483,4.25489337488891,57,2,HR,1,0
57,17,43081,7,3.7545265172315023,4.76201581151761,36,4,Operations,0,0
41,16,74196,17,2.0130895340908603,3.595061544637544,58,3,Finance,0,1
22,2,76735,11,1.0399151066337975,4.8182637154352435,65,2,Finance,0,1
29,2,119578,22,3.893774649419648,1.6057292574798532,65,2,Finance,1,1
37,5,65498,13,3.1426263973903144,2.9096647579214148,68,2,Finance,1,0
35,12,116865,1,4.344470812828995,3.407226935781789,58,0,HR,0,1
33,14,71656,17,4.285553451602777,3.3269465896847468,60,3,Operations,1,1
44,8,107695,23,4.373304671151533,2.605847116356173,50,2,Operations,0,1
36,3,77900,1,2.9403786399181606,2.3523376374650455,47,3,IT,0,0
49,13,87701,10,2.3345135833474626,1.5072960902016752,49,2,Finance,0,0
55,4,59033,8,4.16623281036548,2.5669698022491128,61,4,Finance,0,0
23,1,50805,11,2.8051764521170197,1.6506432604219405,38,4,IT,0,1
53,10,75851,16,1.733768785613738,3.9374627059688736,50,4,Operations,1,0
44,8,66832,14,4.419896078245897,1.83532374197836,64,1,Sales,1,0
43,2,103437,24,4.530239507089389,1.2342612211381354,64,2,Sales,1,0
46,8,53944,16,2.8652390245606805,3.2094645512689373,37,1,Operations,1,0
43,2,59873,25,1.3027989092391499,3.3809189308776064,56,3,Finance,0,1
43,1,80372,28,2.551304359667725,4.487652245122022,56,1,Sales,0,0
27,11,55379,25,4.214150637850413,3.3079264496707275,46,3,HR,1,1
36,9,76751,17,4.607096114184914,2.381923414893783,55,3,HR,1,0
58,8,45110,21,1.8138909699903834,4.212047526105282,38,3,IT,0,0
54,14,94341,5,1.267894448101086,3.1611155727496842,65,1,Operations,0,0
29,7,52087,16,4.509401812531355,1.317121138524767,65,2,Operations,0,0
26,4,63762,22,2.557619755915501,3.2634022412529866,57,1,Sales,1,0
25,10,49596,23,3.167043857070253,4.632074181686649,54,2,Finance,0,1
27,1,58313,17,4.872263248203035,2.585250501992882,49,2,Operations,0,1
53,14,106549,7,1.2662589116568914,2.1853032075992003,57,3,Sales,1,1
51,5,63705,8,3.5932720298083822,1.5738778280720802,62,1,Sales,1,0
56,7,107364,5,1.2964216902994683,1.6057820877414293,50,2,Operations,1,1
37,4,113445,4,2.5018757138660015,2.7310859373672756,55,4,Sales,0,0
34,15,118645,11,4.2152581807737874,3.382719296646118,49,2,IT,0,0
51,17,42023,24,2.7338889310225376,1.322461620678407,51,4,IT,1,0
40,5,99796,28,4.988729415611802,4.758274356100663,47,1,Operations,0,0
38,4,104429,27,3.2362371397864087,4.020534469780784,53,1,Finance,0,0
40,15,101627,10,2.284648610543814,3.3464956731346507,64,1,IT,0,0
49,12,73848,24,1.8804453036190125,4.313754683755963,52,2,IT,1,0
47,4,77804,0,2.4020821371446472,1.3207470272484532,48,0,Operations,1,0
58,12,55379,10,2.4901330950382032,2.9073555109324976,54,2,HR,0,0
47,16,99664,18,1.274854710895844,3.5203725074466536,53,2,Sales,0,0
44,17,67766,8,2.4782967977070927,4.314611624473157,41,3,IT,0,0
30,7,108099,26,2.8569540789568997,4.13387824019707,38,3,HR,0,0
33,12,76060,1,3.8909510089552186,2.1082769988535985,68,2,Finance,1,0
22,18,109122,11,3.626917938886432,4.763520678236818,36,4,HR,1,1
22,2,56087,3,3.835062620916617,1.4973833657234814,39,3,Operations,0,1
55,7,88868,3,1.0334547275074284,4.500534474484608,44,2,Finance,0,1
53,1,63225,17,1.8706695983221442,4.883760998418474,66,0,Finance,1,1
46,7,46643,14,3.646737153599426,1.7086140928905023,47,4,HR,0,1
22,12,76727,18,2.9359574727189885,3.888264256815141,39,1,Operations,1,0
37,12,51005,12,1.0212539026733838,1.1611420751119939,44,2,IT,0,1
26,0,105697,18,4.21797856972729,2.62169130055662,44,2,HR,1,0
43,5,56029,16,4.09123829316135,3.065133196790696,61,4,IT,0,1
50,18,54226,5,3.1936766519742505,3.3225809036385363,55,3,HR,0,0
24,15,103646,15,1.2658533031050885,4.743748992994238,42,3,IT,1,0
33,7,100603,23,4.066060198130339,3.6890027491767787,35,3,HR,1,0
47,0,68731,11,3.334854350925456,2.925111804876948,62,1,Finance,0,0
37,15,108926,18,4.127839908631836,4.238700145063557,48,4,Sales,0,0
58,8,45997,4,4.006987969583362,4.802131283817635,55,4,Finance,1,1
43,12,95506,16,4.212008287831349,1.0882645947291634,64,3,IT,1,0
50,10,118229,25,3.0720322656184993,4.930085089024155,55,3,Operations,0,0
35,12,89815,22,1.56129807277406,1.3445285562547213,43,0,Finance,0,0
49,9,82092,25,3.6846298935187547,4.257547117075045,51,0,Sales,1,0
26,3,102539,28,3.4818951402078824,2.12133901020565,39,2,IT,1,0
51,5,106077,0,3.9690127487963487,1.528718631015487,65,2,Finance,1,1
26,6,61817,27,1.6795240242029412,2.7594225588553396,53,4,HR,1,1
33,4,77861,26,1.7799007996011569,3.575826317790454,67,4,Operations,1,0
37,10,53428,24,4.561638068877314,2.5238073800939,47,1,IT,0,0
47,12,83934,23,3.999911193808283,1.2182616331307958,48,1,Finance,0,0
47,18,50258,22,4.632913954801292,3.3978445586348665,67,0,IT,1,1
42,9,97775,9,4.034861284655683,4.609613104442699,63,2,HR,0,1
57,9,45469,14,3.3886212239612075,2.532861463789007,44,0,Sales,0,1
54,10,68854,22,3.6165309481114947,1.8653311105233081,65,0,Finance,1,0
51,6,46256,20,4.55651169576004,2.7703093837312616,40,2,IT,0,1
58,17,116256,20,3.315227018047762,1.1934508441951235,35,1,IT,0,0
44,3,73937,10,3.5295652973135496,4.281950337921099,41,2,IT,0,0
31,1,41651,12,1.6259068640144023,4.3053632438007465,61,3,Sales,1,1
26,13,90288,4,2.895684880464411,3.3520018537185137,55,3,IT,1,0
57,12,65051,0,3.865588447832396,2.412411555753558,62,3,Operations,0,0
55,11,67386,23,2.0837707932654617,4.199133457783134,50,4,Operations,0,0
52,6,115054,11,1.8090167220981397,3.2187480991534687,57,1,IT,0,1
31,1,56184,10,2.255307232897662,4.303729234200064,54,1,Operations,0,0
40,12,73787,16,1.9660025119713338,3.5258351703320825,59,4,Finance,0,0
53,13,61621,3,1.8596505481455834,4.13762189285119,62,0,Operations,0,1
22,16,115564,14,2.6994033714723478,3.39425197287104,39,3,IT,1,0
26,8,117984,24,4.631354055534136,2.656564272862665,55,3,HR,0,0
25,16,99792,29,3.028238586954873,4.83178343970455,52,0,Finance,0,0
37,7,85253,8,1.7516815232612921,3.164455299515379,40,2,Sales,1,0
45,1,74051,20,1.3078866775234963,3.4203580741621535,63,2,IT,0,0
37,12,89811,19,3.784624580551701,1.881950557658997,53,1,Sales,0,0
23,2,70447,18,2.5311950577455513,3.502603157709106,67,4,HR,0,1
49,15,70254,18,4.287323786341437,3.2864305979317754,35,1,Sales,0,0
53,5,97418,11,3.6380430745630807,1.7393535917880998,37,2,IT,1,0
48,18,54472,4,4.184965802165474,1.2383483894125749,55,0,IT,0,0
41,6,43471,9,2.087784157673795,3.4174372788590843,69,1,HR,1,0
45,9,48329,16,3.7694356898442325,4.054769077401282,37,3,IT,0,0
33,8,74865,4,2.056247938774875,3.093605483688033,59,3,HR,0,1
56,1,86850,21,4.756273917801167,1.9070905012785828,54,0,HR,1,1
54,14,94220,15,3.5454971261334975,3.6660879067721397,68,2,IT,0,0
54,4,46397,6,2.2980472007013684,1.320422906438409,55,3,Operations,1,0
58,3,75525,27,2.0780474491690906,2.7673348192078184,57,3,HR,1,0
33,19,93072,8,1.763706340286574,1.6534670335936807,40,4,IT,1,0
24,3,63284,2,3.778563835574911,1.7378362042395334,47,1,Operations,0,0
22,17,101330,14,1.8748624519917092,1.8091757966328146,57,2,HR,0,1
54,3,65122,15,3.3812130637099562,2.5468282281759116,43,1,Operations,0,0
31,16,110553,17,2.0585401077014294,1.2046008224815905,51,2,Finance,0,0
50,11,102812,13,3.6478757791754743,2.5911737637163927,36,3,Finance,1,0
34,16,47999,2,4.259758914162157,3.0468297884588034,53,4,Operations,0,0
33,9,62436,11,4.112100972578613,2.933177139865301,53,1,HR,0,0
52,0,82963,8,4.043405323723126,2.5311364016121622,41,3,IT,1,0
23,17,42096,27,1.7508896227690083,4.3565864322830095,54,2,Sales,1,1
56,17,65279,6,1.3535397879380748,1.5813067696820164,43,1,IT,0,0
44,13,66201,8,3.7957953139495424,3.022786975125496,51,1,Sales,1,0
38,14,59715,12,2.4733888551774053,1.2481656678262172,61,3,Sales,1,1
47,11,69309,17,2.729384905613389,1.284622715511639,36,1,HR,1,0
29,3,55078,4,1.1245963711735643,3.2954633987083852,53,4,Operations,1,1
50,2,96614,12,2.0383057971001968,3.264073699551284,51,4,IT,1,0
47,19,45105,3,1.134705615497856,4.512134051377828,39,3,Operations,0,0
31,11,42839,1,4.51674309040499,3.2314947026402927,52,2,Finance,0,0
47,6,108920,15,1.973586732874122,4.839164081619401,41,3,HR,0,0
55,10,83619,8,3.229348678292032,1.194779393599719,51,4,HR,0,0
28,0,82821,8,1.1559172826445216,1.3920307391229643,38,0,Finance,0,1
25,5,53493,5,3.6673895652226323,1.1762634462815256,59,0,IT,0,1
32,14,57069,10,2.2921093830163755,1.74110740133416,39,1,Finance,0,1
50,14,47531,21,4.591676747830663,3.1650804437667124,64,1,IT,1,1
57,18,77051,23,4.552472755736144,3.582288725709712,46,0,Sales,0,0
46,10,47736,21,2.301162473446991,1.1823406317946752,38,4,HR,0,0
42,1,47710,0,4.603843582761872,4.783883559382398,58,1,IT,0,1
57,13,107155,3,4.984630693995115,4.368661506601525,63,3,Operations,1,0
31,1,53975,12,4.301662656495792,2.1864499286283725,43,3,Operations,0,0
58,3,102424,22,4.379485391020916,1.3087501209058718,38,4,HR,0,0
30,16,85603,12,1.9960349444363596,1.679548292876229,58,1,Finance,1,1
45,2,63252,12,3.3068095954310253,1.5077776550198907,48,3,Finance,0,0
56,12,41431,1,1.2690236558694714,1.4931351171957874,39,1,IT,0,0
56,8,114603,8,1.3796717472866789,3.0742467546629357,52,1,Finance,1,0
57,6,77481,23,4.995570448133162,1.9833897699736012,53,3,HR,0,1
39,14,49557,7,2.3065569977036438,2.432558866116578,46,0,IT,1,1
53,10,114971,6,3.9927356481953855,4.95802133353729,52,3,Sales,0,0
45,19,40162,3,4.226660212107266,3.737256995701379,51,4,Finance,0,0
44,1,74742,17,4.432093084028917,4.795922668188005,64,2,Finance,0,0
53,14,59675,2,4.990513189608626,1.5702262201324624,58,3,IT,1,0
58,13,113997,27,1.9659859410274714,2.528557899330277,45,1,Operations,1,0
33,19,57015,5,1.1614033074387988,3.218927213129417,69,1,Finance,1,0
34,10,90057,11,2.644766071978344,1.307032247554952,57,3,HR,0,0
44,2,72591,11,1.5203226793157878,1.0167497745118315,51,2,Finance,0,1
46,16,49833,20,1.0897035566482205,3.68173733518767,35,3,Sales,1,1
56,11,47896,27,2.4417073085659444,3.5672780672057414,49,2,Finance,1,0
51,14,72972,7,4.134953004300946,2.643155239998447,66,2,Operations,0,0
38,15,89733,21,3.2647227649002835,2.9585763041281306,43,4,Finance,0,0
41,4,81800,21,2.251111956841416,2.6617720023683584,49,1,IT,0,0
46,19,45347,0,3.617368021970879,1.0960201793795554,62,1,Finance,0,0
43,5,99063,3,1.9280727212352429,2.3414864248698497,58,2,Operations,1,1
34,18,42643,20,1.05752578428834,1.7083290215891593,69,1,IT,0,0
40,4,80785,27,4.0574135457457094,1.393696756405475,56,0,HR,0,1
57,2,58681,10,3.4949723394560364,4.826881735557399,61,2,IT,0,0
33,0,90026,2,4.0492104980038395,3.3974389001686625,53,1,Sales,0,1
40,5,55892,12,1.1557520667506624,3.9146251369464107,46,0,IT,0,0
33,14,87299,24,4.348478511322609,2.26145497306447,54,4,HR,0,1
30,1,57073,16,3.4781048001452133,2.572588517976061,35,1,Finance,0,0
28,2,70682,21,3.2535814028505605,1.947695975586894,55,0,IT,1,1
49,16,54289,21,3.4984561924581263,1.387862683861699,35,3,IT,1,1
35,11,47927,9,4.457732987473456,1.7161265497663352,44,3,IT,1,0
52,17,88330,20,3.3477460262356282,4.190056181185943,66,0,IT,0,0
40,14,106707,11,3.3238015195527173,3.7101832207351033,56,2,HR,1,1
37,11,117454,14,4.962716628263063,3.1877155039419076,52,2,Operations,0,0
26,15,105428,20,4.026920668274272,2.9003594914670723,66,1,Operations,0,0
56,7,90601,9,2.769175221804541,4.689737134624497,61,3,IT,0,0
33,13,117465,13,3.829588000131711,1.2909397911146736,62,2,HR,0,1
46,16,42539,12,2.556921886767154,2.122403252951664,52,2,HR,1,0
42,7,62669,4,1.915501849933996,2.399751414282856,63,3,IT,0,1
57,14,110968,5,3.3874075075510377,4.129703248851151,52,4,Sales,0,0
44,13,60644,23,4.712728392455806,4.970058480647886,42,2,IT,1,0
37,17,58745,1,4.716558080061851,1.9626820590286123,65,0,Sales,1,0
35,19,68228,21,2.3676211124219613,4.4972293365483225,68,1,IT,1,1
52,6,74521,16,3.11070986488678,4.322491041727165,41,2,Sales,0,0
26,2,66928,3,1.8465435942794448,1.8986295905670665,52,2,Sales,1,1
56,11,58322,13,4.982524437995534,2.5973303207968903,43,4,IT,0,1
44,2,97714,9,4.924471631471743,2.6386914771700765,43,0,Sales,0,0
50,19,102292,2,3.5980357188297893,4.912882674106234,42,1,Finance,1,0
32,13,69055,24,4.2176562387098935,1.7235676055155933,69,2,Operations,1,0
39,14,82891,2,3.8604006451348,4.196631884419128,52,1,HR,1,0
33,13,46588,14,3.3726328761578728,2.3367708566924397,39,3,Sales,0,0
30,6,46304,5,1.2133919879555908,3.9234813831046416,48,2,Sales,0,0
31,16,47345,16,2.8190573702106443,2.6800440171826514,62,2,HR,0,0
38,11,69300,11,3.699145208669642,3.31343905246616,64,3,Sales,0,1
59,19,64259,21,3.7101264555347386,4.3304470933045245,38,4,HR,0,0
28,3,55352,19,2.4924904736895344,4.216662259935537,54,2,IT,0,1
34,8,73365,23,4.766767946632122,4.4656927341588,59,1,Finance,1,0
30,5,59446,28,1.669428128947124,1.238469301378636,62,0,Finance,0,1
48,15,42336,10,3.0014377848622424,3.7682022121589793,46,1,Operations,1,0
23,1,102032,24,3.763535906203291,1.5599495068870515,36,4,Sales,1,0
26,7,115415,3,3.788543223567237,2.663274272073644,48,0,Operations,1,0
50,10,47521,25,3.5945558270752622,3.194353660218754,56,1,IT,1,0
58,12,111707,27,2.1011528538074407,2.610957938987323,65,1,Finance,1,1
59,16,63481,25,1.6248262747464879,3.07844670321203,57,3,IT,0,1
40,7,58474,5,3.5437613073068435,4.986105235194477,54,4,IT,0,0
29,17,86760,0,3.397208464557751,1.540869254851419,38,3,Sales,0,0
22,17,95718,19,1.717424041156964,3.7018241813457022,49,0,IT,0,1
43,13,84629,22,3.8205565822822534,2.584003865542461,58,3,Finance,1,1
38,14,85232,27,2.8206879669346256,1.5320391956293151,59,4,Operations,1,1
28,5,107169,15,3.6710423664126117,1.6349470534972381,35,2,Finance,1,1
46,10,90669,14,4.349468319080603,4.797092424982468,41,2,Sales,0,0
25,12,118021,16,1.6789137143076927,4.518405986847048,65,0,Finance,0,0
57,0,109184,7,1.0765794719873467,4.628167841660087,46,2,HR,0,0
27,5,87945,27,4.116410345583147,4.9661311033095465,39,3,Operations,0,0
52,8,53140,25,3.4387897006104637,1.8332615600340718,46,0,HR,1,0
40,7,54357,11,3.798558278488487,2.421757349456247,52,4,HR,1,1
48,10,108673,26,4.35261989995457,3.676876119699467,36,0,Sales,0,0
31,18,105633,21,4.211243739298002,2.935210159442589,44,0,IT,0,0
47,8,116943,20,4.843680587715299,2.673558133513334,49,1,HR,1,0
40,16,118258,9,3.143740315408473,2.431244997342372,64,1,Finance,1,0
24,11,52924,26,2.9539825306396215,3.375122527773809,51,0,IT,1,1
34,13,109286,14,2.6075487995629203,3.302373714560328,38,2,Finance,1,1
49,14,114071,29,1.6147641713768182,1.6458313362569603,41,1,Finance,0,1
41,15,97326,8,3.2904289315280897,2.8869593500737563,65,4,IT,1,0
49,19,70651,1,2.108050097303915,3.2138871048393995,68,3,IT,1,1
29,0,110202,4,4.685230048851902,3.281147754925562,40,1,Finance,1,0
22,9,88777,5,3.3327632171083903,1.8404287716494072,68,0,Sales,1,1
24,7,56994,6,3.3713607220324406,3.969085569009147,49,2,Operations,0,0
34,17,107263,20,2.41969864350804,1.1007963792842785,48,3,Operations,0,0
49,0,99634,24,1.20795740791083,2.4193274221726506,40,1,Sales,0,0
46,1,50800,0,1.1269750614919545,4.120850594142534,66,2,IT,0,1
54,0,77823,22,2.69334057661279,3.2555716842216094,37,2,Finance,0,0
59,0,103878,25,1.3382615123889514,2.044649730043441,37,2,Operations,0,1
27,8,58708,6,3.4273878221605565,3.779812477372191,56,0,Finance,1,1
53,12,52819,19,4.52389202255863,3.2695637766242935,56,4,Sales,1,1
42,0,114905,24,4.531659266074889,4.184974437825549,44,2,Finance,1,1
37,12,103870,29,3.6361816405289296,3.9401007447592935,37,3,Sales,1,0
42,19,49283,11,1.844927325891724,3.4404316881449386,46,1,IT,0,1
32,6,70573,15,4.451987325435488,2.952710701243256,63,3,Sales,1,0
58,1,118707,15,4.544373741252833,1.5327285026700936,51,0,Sales,0,0
57,5,70933,10,1.7866143398118348,2.045332071541535,41,0,Operations,1,0
56,6,45774,20,3.949704343082709,2.676397891668341,47,3,Finance,1,0
40,13,112055,3,2.146078195708492,3.3971971480255547,36,4,Operations,1,0
41,17,50983,12,4.210561249411718,3.0548314208612193,38,0,HR,0,1
39,14,58133,6,4.988951599614411,2.152738103838118,44,0,Sales,1,1
35,1,54939,3,1.1201040213175713,1.0258574311588422,58,3,HR,0,0
36,9,40781,14,4.589463463163728,2.9849568876032557,51,0,Operations,0,0
52,11,96700,18,3.490522134394632,2.1425039542489723,40,4,Finance,1,0
22,16,67624,8,4.893530476659285,3.9384332028421403,53,4,Operations,0,0
24,7,46823,10,2.8600380701057104,1.095785061081934,39,4,Finance,0,0
37,10,58489,7,4.3895517222854945,3.3393112452231635,66,1,Finance,1,1
44,2,79961,0,1.249576274393109,4.765896950024262,44,4,IT,1,1
32,5,69118,22,2.341116200313183,1.697637068445998,43,4,Sales,1,0
33,8,62263,24,1.2680661510048399,2.8865979630023815,61,1,Operations,1,1
31,5,53565,23,4.901372533916282,1.3656879672685527,47,2,Finance,1,1
53,8,60354,7,4.267895629087347,3.5027276490454105,53,0,Operations,1,0
37,6,82951,12,4.410189684983882,3.2021267223849024,55,4,Operations,0,0
29,8,63648,21,4.751860925735577,2.6294620968513294,58,0,Finance,1,0
59,17,90729,26,1.3404139444791414,3.085508085894965,38,3,HR,1,0
33,11,81971,3,2.5423903700533335,4.586298633876041,58,0,Sales,0,0
45,7,58658,7,1.2841395561760085,1.7851772092442681,69,1,Sales,1,1
49,7,61253,2,1.8431724062001145,1.090258046821389,37,0,IT,0,1
29,17,104166,28,1.9174631081506894,4.446659538796403,38,0,IT,1,0
49,19,88563,8,2.8764288441903147,3.308468329551626,69,0,IT,1,0
57,14,66390,28,2.0742486698145703,4.56263382184737,65,2,Sales,0,1
47,6,91578,1,1.4039124272710444,3.3877808936526903,59,2,HR,1,0
29,10,119025,1,1.6699643563764308,4.24064435983881,47,3,Sales,0,0
49,19,72658,27,1.5891022542083637,2.7186934534205918,38,1,Sales,1,1
49,15,46852,12,4.892307191649193,3.999439725153075,48,0,Sales,1,1
58,3,42551,14,4.037170027673895,4.6521658675594235,47,0,Sales,0,0
57,5,111947,27,4.871045861078247,3.288491854888825,61,0,HR,1,0
48,2,101001,22,2.758961946031634,1.7231406022495181,40,0,IT,1,1
38,8,89159,11,2.1134739266506264,2.0751904601207927,51,2,Operations,0,1
30,9,91707,25,4.193172788836747,1.7945783075896231,69,3,IT,1,0
54,13,73243,3,2.305015672164587,1.9874281103829317,51,4,IT,0,0
41,10,61800,25,2.197533494821393,2.2256617974041455,36,1,Operations,1,0
34,17,115939,7,1.9300239688313248,3.220535147012754,47,0,Sales,0,0
49,11,97828,8,1.5187159128969414,3.351966517855331,36,3,HR,1,0
50,11,47239,22,2.025852244067064,2.7059989889674445,62,4,HR,0,1
34,12,46710,4,2.421278993895551,3.4616831192833417,60,3,IT,0,0
56,12,61384,23,3.6959768325829216,1.3262997024454637,56,2,Operations,1,0
27,18,61038,19,1.2502593688778063,1.3511529482326399,37,4,Finance,1,1
39,18,80846,17,1.8420277586613718,1.6873178414306338,69,3,Sales,0,0
26,13,107821,10,4.236094561166706,3.072309992161379,46,2,IT,1,0
46,3,77991,14,1.587687694335083,1.8559787147932543,58,3,HR,0,0
23,12,119057,27,2.370580586090086,2.1331376139703093,39,3,Operations,1,1
31,7,46971,21,4.45863568743256,2.6012513446919763,54,4,Operations,1,0
51,18,69139,8,1.6197012445737706,4.24746449604152,47,2,IT,0,0
26,11,117067,16,1.3309473424727596,1.0554485436514405,46,0,Finance,0,1
54,17,77711,26,2.9381519803200433,3.5975152809464896,47,1,HR,1,1
22,5,46530,25,2.2096780451141456,3.6755061241627414,44,4,IT,1,1
39,17,51116,11,3.2536334579354165,4.194623121426546,67,2,Finance,1,0
53,18,105794,6,4.215219561933901,4.731011756241253,50,3,Operations,1,0
32,4,40282,9,1.5485939526109727,1.0805513957971593,69,2,Sales,1,1
42,8,119473,24,3.32279633821714,1.6151348220528647,37,1,HR,0,0
47,2,41898,25,3.0220350415594557,4.544685176223972,39,1,HR,1,1
46,9,44135,24,1.5763151440527983,2.8340742487480615,60,0,Finance,1,1
43,18,46629,9,3.4959939421159296,3.258362555733854,45,0,IT,0,0
48,2,105031,26,2.0945616714430866,3.6521088148925895,41,1,Operations,0,0
34,14,73380,12,2.95133727417605,3.7162664179825495,44,4,Finance,0,0
54,0,57071,18,1.3290892971082475,4.726961613266033,68,4,Sales,1,1
55,6,60074,10,2.838336228854492,4.987797669646678,37,3,Sales,0,0
56,11,107843,12,2.2258538721712813,3.880629843723761,42,0,Sales,0,1
22,16,79901,20,4.289524844741417,2.1488848368206033,65,3,Finance,0,0
42,19,51205,7,1.2279149079894731,4.519009609177374,45,0,Operations,0,1
27,4,95661,7,2.6744290996733198,1.1968836581630464,41,1,HR,1,0
49,3,45906,3,2.833725696525752,1.9243234114979848,36,4,IT,1,0
38,11,42591,14,3.900024305196475,4.58954286985486,40,4,HR,1,0
26,19,102987,27,3.297150300360844,2.02476605775742,66,1,Operations,0,1
52,17,103370,10,3.668849348776724,1.8826042384869939,54,3,HR,0,0
26,16,94400,10,4.1081971426070245,1.552501172560989,68,3,Finance,0,0
59,18,65150,0,4.448811894632755,4.436447030587666,50,2,Sales,0,0
24,8,71852,16,2.255501986889882,3.000233036764347,59,0,Operations,0,1
44,3,82870,14,3.152090821455612,3.699572812216619,46,3,Operations,0,0
58,1,92756,19,4.3604323137567995,1.9562655363001187,41,1,HR,1,0
58,3,96481,5,4.957804523860226,4.0321616840448655,51,3,Finance,1,0
31,1,41283,23,4.5580772441750526,4.040022179848394,45,4,HR,0,1
31,14,73691,21,2.485869050497507,2.2503920996332005,40,0,HR,1,1
40,1,41125,27,1.7806660688746017,2.6427305320411314,57,2,Operations,0,1
38,3,107065,24,2.957570149626355,1.8387611097208034,61,0,HR,0,1
42,5,66170,14,3.966565807344169,4.906244093291617,40,4,Sales,1,1
35,6,48438,8,2.9702762830131904,3.5824103082336465,36,4,HR,0,0
30,9,60095,13,2.932723453254674,4.738175522862062,56,4,Sales,1,1
22,18,56154,17,4.352921684327202,2.2135421745165327,54,4,Operations,0,0
34,18,48004,25,2.4456151162687454,4.127563651987559,59,1,Finance,0,0
25,11,49752,16,4.4391786992465825,4.0634345755389685,49,2,Sales,1,0
22,2,95426,17,2.627219203806894,3.766622607466166,63,4,Finance,0,0
53,12,66819,4,2.3129324227133576,4.862555901067202,42,4,Finance,0,1
55,17,64217,19,2.815959644798796,2.574221344425262,67,3,Sales,0,0
49,7,72994,19,4.049787834699474,1.5228692943590292,56,2,Operations,1,0
52,14,55036,8,1.5040081114559771,3.686835436976243,39,0,IT,0,1
29,0,117275,10,1.7856768634880695,3.9172392019088247,52,2,Finance,0,1
47,2,89416,23,4.805779302652368,3.3002422938352587,64,2,Finance,0,0
55,7,49587,21,1.7019665095254295,1.827271572533585,65,2,Operations,1,1
24,3,40645,0,3.2709092717242183,3.0178237666774215,44,4,Operations,1,0
33,15,70930,17,3.3172578666477515,2.2487589462765176,49,4,HR,1,0
22,9,70090,5,2.958497848200979,2.7098661126667563,52,1,Operations,1,1
26,11,92142,26,3.5789809943072743,3.5808743033786556,57,0,Finance,1,0
51,13,66475,1,1.9193069031904737,3.980858970763338,67,3,Sales,0,0
51,13,58888,14,3.210649071106993,1.9288987636053725,50,2,IT,1,0
38,1,83732,28,2.4886930209875886,2.6213014425878134,69,0,HR,1,0
44,4,86305,25,3.646669038516756,2.0766462839665167,68,0,Sales,0,0
36,4,86037,20,1.5648941734925979,1.7945264554474765,62,1,IT,1,0
58,5,49346,13,3.283509667357905,4.133548879983353,36,3,IT,0,1
42,12,40587,4,1.7410814215332948,4.637010777747969,64,2,IT,1,1
35,8,52763,5,2.1145722524601456,2.480928742738307,47,3,Sales,0,1
23,14,99165,5,1.874839201294333,4.005115697495068,50,1,HR,0,1
32,13,109615,29,1.7313511194752684,4.587981157457644,39,4,HR,1,1
59,6,76116,21,4.302843806242668,4.384496842120926,62,0,IT,1,0
55,19,65556,29,2.1428302706435614,1.7312535541569036,54,2,Sales,0,0
59,1,99042,17,4.708495127457797,4.825167526053445,58,4,IT,0,0
55,6,58099,13,4.879706101380764,2.50670576171785,61,1,Operations,0,1
39,5,85096,9,3.2850418797483893,2.3569626446953453,64,3,HR,0,0
51,16,111986,13,1.5720044906629056,1.2497253091111213,61,0,Finance,0,0
36,1,53230,12,2.498192973518325,2.944694616419532,60,2,IT,0,1
48,2,69009,29,4.190929053392856,1.4360544625637148,41,4,Operations,0,0
55,4,110969,2,2.469562914788282,1.994159283709704,39,4,HR,1,1
59,4,73866,29,1.348068873211155,2.2677704870691255,57,0,Sales,0,0
54,0,116975,5,3.2271396437127517,4.235305293966736,62,3,HR,1,0
45,7,81855,28,4.380483405984139,4.501954601583586,68,1,Sales,1,0
36,11,46416,7,4.183705548574009,2.2098652698458787,49,3,Sales,0,0
51,3,112516,11,1.700492560521413,4.434792484978296,66,3,IT,0,0
38,12,95915,12,3.691058457649867,4.428923749479164,60,3,IT,1,0
26,14,58058,10,1.8820170537425884,4.058603801539494,65,0,HR,0,1
50,10,116637,11,1.872830138208689,1.5867804560607262,53,0,Operations,0,1
25,9,80718,0,4.49628709322074,3.761291387602916,43,1,HR,1,0
31,2,72602,16,1.9986758109609206,4.780096258322275,63,3,Finance,1,1
38,13,114658,15,2.0529893860720447,3.7301619150686283,38,0,Sales,1,1
31,15,118112,10,1.0026135630451982,2.326467396431336,37,1,Sales,0,0
38,9,98067,12,4.482676136502071,3.002317269723325,63,1,IT,0,0
41,9,67516,17,4.170379252836539,3.5829001734042145,45,3,Operations,1,0
45,11,41089,10,3.509315740362712,3.0422816349140143,67,2,IT,0,0
26,8,77346,27,4.001063055755369,1.4798117669238793,45,3,Finance,1,0
55,0,114663,11,1.6081942696979672,2.2482561786080826,61,2,HR,0,0
27,4,50487,5,2.8332943783503017,4.20958412221453,67,1,HR,1,0
23,19,40155,8,2.4048775493951235,4.44567218438207,55,0,Operations,0,0
34,7,107494,15,1.375106105028066,1.549200130862281,65,4,IT,1,1
32,10,116229,3,2.9445219408596963,4.8095470095948984,36,1,IT,0,0
44,11,78547,2,4.682958601370542,2.3152904713944373,61,0,Finance,0,0
37,0,68795,27,1.160236476202778,3.64925495492288,45,1,HR,1,1
52,19,95296,15,2.1658436539751755,4.007300583826725,52,3,IT,0,0
32,10,61447,23,1.8301637448228139,4.247784938551534,35,2,Operations,0,0
37,4,76598,26,1.9525866146627853,4.78299880890372,69,1,HR,1,1
29,14,81814,25,4.633738207517501,2.2516781921152904,69,0,Finance,0,0
25,4,115330,29,2.8722762169371605,4.4340258182062176,65,3,Operations,0,0
25,11,103278,24,2.865197651759275,1.5267476137448281,62,4,Sales,0,0
46,4,95077,11,4.042302569821129,3.820163625414371,35,3,Finance,1,0
24,16,111906,10,1.6179688160197032,3.9679109180559435,59,2,Operations,1,0
53,16,49528,4,2.949061416400203,3.7108929648052817,54,3,IT,1,0
24,11,90100,24,2.719940856484239,2.009258944540612,37,4,Sales,1,0
48,14,48179,17,3.3876427621866245,4.492172588060813,36,0,Finance,1,1
50,14,88781,18,4.998230813001754,1.67543385348158,52,1,IT,0,0
53,5,95267,22,4.077795576328189,1.2145391660833234,44,2,Sales,0,0
40,11,63952,22,2.5914628120697087,3.8698599624476486,39,4,HR,1,0
42,19,93798,5,4.310212209096187,2.9019028609309347,43,2,IT,0,0
26,17,90939,21,1.6828334532499207,4.396392079834705,36,3,Operations,0,0
39,13,69516,17,1.1218547452358405,2.533588564233036,68,2,Finance,0,1
49,1,96526,25,1.8177934898570922,1.6731143540308513,65,4,Sales,0,0
43,8,50449,5,2.3616462244570386,4.345768769879479,44,1,IT,1,1
42,4,90290,3,3.0423230298382395,3.1956385265602867,46,1,HR,1,0
27,19,112954,11,3.4605165621647993,1.7567831695614196,55,2,Finance,0,0
22,0,62746,18,4.642422868857687,3.881535994345783,40,0,Finance,0,0
26,2,107990,28,3.0394160382018307,3.044454553958002,37,2,IT,1,1
33,5,98810,26,3.0051025785029175,3.4172519289612793,44,3,HR,0,0
47,4,55223,28,1.2009720392919285,2.8435933528263275,39,1,Sales,0,0
55,4,112237,1,1.1396462106248952,4.314835935272026,60,1,IT,0,1
35,0,42597,16,3.2046398476654883,4.318250862732199,55,1,Sales,1,1
47,16,105677,10,2.752714452993378,3.837555287297545,60,0,Finance,1,1
48,18,42659,10,4.356721579921194,1.421605509585849,60,0,Sales,0,1
30,13,114567,20,1.6427183388473807,4.355415447616275,42,4,HR,0,0
47,11,55037,15,1.0998866484681984,3.6840519221316392,39,2,Operations,0,1
43,9,86738,1,2.7961550717205035,3.788096664017198,49,2,HR,0,0
51,19,111678,1,1.94991422700903,2.4519313616154865,50,3,Sales,0,0
38,17,52109,22,1.1984574933553498,4.517118224628026,35,1,IT,0,1
47,10,62010,7,3.898393147390516,3.90148640093943,50,0,Finance,1,1
57,1,48787,12,1.44637199982899,1.4503618661167779,37,3,Operations,1,1
22,17,48472,9,3.4332780000310867,2.6311121376246507,65,3,IT,0,0
29,6,63383,7,2.1241990006675566,4.545521447840567,47,0,IT,1,0
56,14,101709,29,1.693984201420088,1.188786806789516,50,2,HR,0,0
36,10,109785,3,2.51900609167727,4.845666478568198,55,1,Sales,0,0
43,17,74518,14,4.205783104891815,3.716650273278251,36,2,HR,1,0
35,11,93909,29,2.5683743076182908,3.5255039105735064,61,3,Sales,1,0
47,5,58351,0,4.003078596844222,2.0822370259519656,60,1,HR,0,1
49,19,109624,10,1.5019451871966027,1.9951671549567083,59,4,IT,0,0
44,12,93330,6,4.091085678660317,4.768232877954382,45,3,Finance,1,0
35,19,55282,16,1.9477332996265946,2.193089816936491,42,2,Sales,1,0
45,15,61778,26,3.709572519555491,4.102021186875998,42,2,Operations,0,0
23,17,64264,19,3.2631262193639854,2.5724871928283166,67,2,Operations,0,1
47,9,99675,23,4.716578868846749,1.557016283138816,41,0,IT,0,0
35,7,45075,17,2.549290071901256,1.0428611907814358,55,3,HR,1,1
28,17,115948,21,1.2646607553377618,3.1770293480610032,42,1,HR,0,1
24,0,88454,28,1.0766219422050116,4.903115274195731,55,2,IT,1,1
44,7,68365,21,4.307434243891013,2.476544775236818,54,2,Operations,0,0
39,5,112766,11,3.0989425506457287,2.4287693359721794,42,0,Operations,1,1
59,4,88200,8,4.100976207339797,2.3763664713977684,65,1,HR,1,0
56,14,51002,4,1.9377024000460588,3.0821753492194337,63,3,Sales,1,1
36,14,53947,9,2.380334982052935,2.762659533697174,43,4,Finance,1,1
46,1,119222,3,1.1204154888452758,4.519658506908058,49,0,Sales,0,1
58,0,118610,4,4.845969298296449,3.022083166893961,64,3,Operations,1,0
49,10,92142,27,3.6714716268032537,3.031031352754275,60,4,Sales,1,0
31,9,96307,27,4.732820351037224,1.5534863788822264,44,2,Finance,1,0
38,17,44493,9,2.0619856297162893,4.930958163641543,63,2,Sales,0,1
43,17,90085,10,3.4458544449026434,1.9998915634753187,50,1,Sales,0,0
47,16,74228,20,3.7139998731705512,1.2934562698384107,54,4,Sales,0,0
46,7,119676,23,2.2701988010303538,3.652584995900835,56,2,Sales,0,0
38,14,91875,9,4.39243694006252,3.3814654806274906,41,2,IT,0,0
34,7,71655,27,4.788645851600991,2.660582615970983,57,1,Operations,0,0
41,16,83472,7,4.539420470784018,2.6887689355227122,63,3,Finance,1,0
46,11,89437,1,3.95626790375749,4.140255684185725,50,2,Operations,1,0
25,7,89416,22,2.109858718899816,1.7828505603985962,62,0,IT,1,0
31,13,99711,7,2.126464168422527,4.281013275779559,65,0,IT,0,0
24,3,46816,15,4.853441281784152,3.5949884555800726,48,3,IT,1,0
39,0,117175,26,1.0411379837427681,2.6758790951180975,67,4,IT,1,1
57,0,104307,21,3.864199892968578,2.8321144663354745,43,1,Sales,0,1
43,18,86733,4,3.8249846502210487,2.026588828744383,61,0,Operations,1,1
55,15,51240,26,3.49075816379919,4.008457330787899,58,0,HR,0,0
29,13,111363,24,4.960435384347463,3.051498969221071,47,3,Finance,1,0
40,15,72762,28,2.247517743054901,2.2834181709993744,60,4,IT,0,0
58,4,48259,2,2.3598874551729927,3.384200463043801,63,4,Operations,0,1
27,8,90139,11,1.3157576117862222,4.982937808205293,62,3,IT,0,0
47,1,54849,12,2.77119254617495,2.7410491186262154,62,0,IT,1,0
55,17,94869,12,2.0441941049393924,4.682765603114478,42,1,IT,1,0
27,5,103095,9,2.373546808710577,2.3800673596982644,57,0,IT,0,1
58,8,110910,3,4.33828716102251,1.2189308276999435,63,4,IT,0,0
54,0,63567,8,4.741938054109983,1.8169684254737155,39,0,Finance,1,1
43,8,75292,21,1.7429322880207425,2.674780573310737,41,1,Operations,1,0
42,15,114813,23,2.4900357262138635,1.878539714378276,61,2,IT,0,1
27,12,91631,22,4.714522248461576,1.0009081528730221,36,0,IT,1,1
27,8,49885,26,1.2472338427568905,4.6600061509901085,59,3,IT,1,0
25,12,99659,1,1.369442112445514,4.3755176449237165,43,2,IT,1,0
51,8,94306,18,1.6511639568249175,3.9691689259477885,61,3,Sales,0,0
32,10,106314,0,3.380851336507499,1.6712583825841145,35,3,Sales,0,0
51,3,105087,24,1.6018890840239899,1.4814543048399442,57,3,HR,1,1
52,1,69165,28,4.872305525802934,1.2704189978895326,44,0,IT,0,0
45,5,98929,6,2.7868581090340814,3.896116755091685,59,4,HR,1,1
30,13,107028,16,3.0060718414006655,4.715231842751541,37,2,Finance,1,0
24,3,89812,2,1.986634463221626,2.722143283652148,40,1,HR,0,1
52,5,90500,19,2.883841009738934,1.4765626879841927,40,4,Operations,0,0
58,18,119151,19,3.647654530548046,3.0495712829284263,36,0,Sales,0,0
57,5,98643,20,4.004708547816171,2.3953276298345205,52,3,Sales,1,0
45,1,84900,29,4.015472330839652,2.499299697399991,57,1,IT,1,0
52,17,82946,2,3.3115644507763533,3.485322496622829,36,2,IT,0,1
27,12,47851,2,4.617439099975429,3.8748724530488095,46,4,Finance,0,0
23,8,56288,16,4.269631389224438,1.4424143954926434,56,4,Finance,0,0
41,18,112692,6,4.028192458794502,1.1423609232259055,54,1,Operations,1,0
49,12,107580,26,1.2224220867218425,4.9773212107428595,58,0,IT,1,0
32,10,47368,25,1.0275118488785973,1.9309133956622073,54,2,IT,1,0
25,0,86403,13,1.8497891087818918,1.2153220996338363,35,1,Finance,0,0
36,6,49168,16,3.654094375653809,1.75950131638368,35,3,Finance,0,1
27,14,89879,17,2.6447899555301833,1.1558313853938569,51,2,Finance,1,0
51,0,99871,12,2.609625037197247,2.5672435784686867,35,4,Sales,0,0
59,11,72174,19,4.538347552918455,4.209607137805297,64,1,HR,0,0
23,6,46581,28,4.582251392527355,2.3649777990308825,37,4,HR,0,1
36,14,111853,19,4.636701056214343,2.776733627513466,45,4,IT,0,0
32,18,104046,20,2.255512306060109,3.702347094269755,58,4,Sales,1,0
29,0,89678,26,3.764223250957047,3.0355762802795208,56,0,Finance,0,1
47,16,66649,17,2.0865327250974786,4.445782744085297,60,4,IT,1,0
26,16,54567,3,1.7624393322977991,4.464142700183026,47,3,Sales,1,1
27,2,101944,0,1.7385298293894769,1.0396427819646146,35,3,Operations,0,0
47,11,118002,17,2.368430483454376,4.112185225932796,58,2,Sales,1,1
25,5,68803,0,2.719830479119287,2.8429344009666955,44,4,IT,1,0
40,10,58230,25,4.323796684220273,4.955362165214652,69,4,HR,0,0
41,2,57862,25,1.4795643738908484,2.9329283035017406,58,1,Finance,1,1
54,7,83355,12,3.9397033895795768,4.94758378155319,62,0,Operations,1,1
41,13,71259,19,3.1258196567572214,4.018277444822946,50,2,Sales,1,0
33,13,70795,19,2.15178137070397,1.9944195384532253,50,4,IT,1,0
22,9,48770,22,2.9712783381312984,3.1535799171478307,51,1,IT,1,0
47,1,51093,9,2.1997682791080906,4.968542557914331,49,0,Finance,1,1
35,13,86571,26,3.384327820953224,4.430122431007694,50,2,IT,1,0
59,8,40193,10,2.735375691420977,1.3894675751648844,49,2,IT,1,1
58,2,57569,8,1.657622116315515,3.8254879872399843,68,4,Finance,0,1
32,7,51190,8,1.4663322982227869,2.382318343483252,45,2,Operations,0,0
57,15,102824,4,3.1867827282885206,1.0279290475213925,35,1,HR,0,0
34,1,82752,25,4.609652133144413,2.6139238761079984,49,2,HR,1,1
24,5,72327,0,2.375830746230742,1.9390176868998852,60,3,Sales,1,1
54,11,82070,16,3.932000428890493,4.275477082081887,38,1,Operations,1,0
27,4,80197,21,3.634645419759068,2.349322435383062,39,0,Sales,0,0
31,1,42261,1,4.726219657237924,4.310094775815268,69,0,HR,0,0
26,15,66512,23,4.283924069196564,1.0023917553391812,47,4,Finance,0,0
44,4,46716,12,3.266421035621852,2.2312766001044766,44,4,IT,1,1
31,14,68933,8,3.6281219929364292,1.9646608572310478,45,3,HR,0,0
23,11,44378,28,4.5935458663361395,1.934269444274444,52,0,Operations,0,0
34,3,80583,3,2.598075138347739,1.2727464790618508,68,0,HR,1,1
23,14,69033,4,2.3071788234311095,1.748497081642007,57,0,Operations,0,1
41,10,64000,10,1.0432443345407854,3.2221982795424795,41,0,Operations,1,1
22,15,115868,23,4.306204296765857,2.165444291350978,37,2,Operations,0,0
58,5,82604,18,4.2039228016134595,2.669579129316592,46,1,Sales,1,0
30,13,108336,20,1.4178180724006055,2.507467521388754,41,1,Finance,1,0
38,17,113869,2,3.307429524530801,4.503619699999579,60,3,HR,1,0
30,11,45410,11,2.8559267926675496,4.621195996042061,67,2,Finance,1,0
32,10,96044,25,1.4748363820364458,2.97182788662344,49,0,IT,1,1
36,12,103315,18,4.922272908242894,2.3206238012624176,36,0,HR,0,0
45,10,111344,18,1.8587835498534218,1.4272028160094545,41,4,Finance,1,1
59,15,46796,12,1.2689367203622446,4.81361151752838,66,4,Finance,1,1
56,14,94245,27,3.3793895180076383,1.2409077796011898,38,3,IT,1,0
51,14,83056,6,3.9554667085321307,2.1906011102731218,54,0,Operations,1,1
52,3,57709,14,1.1297737841887479,2.1922648046800166,66,3,HR,0,0
26,10,98557,22,3.6348705549080886,2.2816051445608596,62,2,HR,1,0
35,18,57543,6,3.1291675038058178,1.657147373089637,47,1,IT,0,0
32,14,77418,25,1.4130600355001937,4.132645723694789,35,0,Operations,1,1
30,3,56724,7,1.6900955077854483,1.4899914478639569,69,2,HR,1,1
55,12,43828,4,3.271897189264322,3.539626636612651,64,0,HR,0,0
33,18,57087,20,2.1854304540531535,1.4953841068232698,59,4,HR,0,1
56,1,52605,13,4.753262914605264,1.2821425503718262,50,3,Operations,0,1
56,13,71337,3,4.274960917936204,4.6377180147435055,53,4,IT,1,0
22,3,45482,22,4.934268826054652,1.7605150652748227,35,1,HR,0,1
43,15,105333,9,2.038683355801656,4.285000618238817,39,4,Finance,1,0
50,19,90952,19,4.878894531191908,3.1785234844285433,56,0,Operations,0,0
29,13,45463,14,2.7249354791662315,1.3114260784350784,58,4,Sales,0,1
32,14,110448,17,2.3900751812550185,4.82179276575227,38,0,IT,1,1
58,2,44648,19,1.201398107877413,1.98784466796757,52,1,Finance,0,0
35,7,73623,12,1.2110610314384105,4.438581381410426,50,4,HR,0,1
51,15,99156,28,3.7680450237866188,1.6752400231382567,52,3,Sales,1,1
56,9,75634,7,2.8317159777361116,4.4157715285674115,56,3,IT,1,0
42,3,84602,8,1.9060865041444228,1.052915251621176,36,3,Operations,1,1
58,17,89334,15,3.4558812253009306,3.0471218262779227,55,4,Sales,0,0
26,1,108648,18,2.0114324730004447,4.077770317686227,63,4,Sales,0,1
40,16,62054,15,3.3105270173776904,4.739182069971133,60,4,Finance,0,0
35,12,110028,6,2.4368349879307614,4.636808544825948,55,0,IT,0,1
47,3,62207,13,4.294208906447276,4.27849947819058,51,1,Finance,0,0
25,10,61386,27,4.282784643067117,4.552765398645216,50,3,Finance,1,0
46,6,99518,13,2.9094015924896053,1.796878743348306,65,0,HR,0,1
46,11,92781,24,2.4032764373400624,2.136737182846915,43,3,Operations,1,0
39,9,92780,26,2.450239186236378,2.155874099684234,65,0,Sales,0,1
29,6,101440,3,4.2228581026728715,2.5082157240067953,48,4,IT,1,0
35,12,84199,25,2.312717931190448,2.573282681540755,36,3,Operations,0,0
53,6,101035,14,1.836237494827384,3.178221298618702,48,4,Operations,0,0
59,16,48210,2,1.3387533675012273,1.6395190534657655,67,3,IT,1,1
54,9,84363,4,2.8667724835376336,3.7649866551439573,69,2,Operations,0,0
44,9,118279,0,2.9285283956793675,1.670266157218026,54,0,HR,1,1
36,3,100348,2,4.363634841611629,2.24123392841819,36,2,Operations,0,0
54,19,95284,14,1.884954785784256,3.013380522424616,53,0,HR,0,0
46,3,112124,23,2.5239650946735996,4.185762246093909,52,1,Sales,1,0
38,6,108847,26,4.233622955574764,3.957876932954909,50,3,Sales,0,0
54,0,62432,7,4.2944944429958944,3.582137425642089,38,1,Finance,1,0
23,11,104089,28,2.538444303915073,1.6230930423206806,46,1,HR,0,0
35,12,95398,3,2.8364960931467236,3.188181382462311,63,0,Sales,0,0
27,9,43321,1,2.2131435633971317,1.3497860071995418,41,2,Operations,0,1
27,14,77383,28,4.730219513677248,2.509452707186603,48,4,IT,0,0
24,12,118682,23,1.4745750629663212,2.6540661211598366,46,0,IT,0,1
28,8,119190,23,4.73499769200588,1.1592457577830153,69,4,HR,0,1
29,8,92893,9,3.735465807341373,2.0959523978798873,39,1,Finance,0,0
36,14,75820,3,3.1262886107469248,4.822597869065957,51,4,Operations,1,0
50,9,106262,2,1.1306362431379835,4.814530431318758,66,2,HR,0,1
54,9,43760,1,2.902384767288033,2.409308217010157,44,0,IT,0,0
51,7,62190,24,2.630992420010929,1.1724004357932962,51,2,HR,0,0
48,15,107411,16,1.6448752479004902,1.7163797573127262,39,2,Operations,1,1
57,16,63377,22,3.6256384140026277,2.5688711737341605,43,0,Sales,1,0
50,4,86737,20,4.884603629473143,4.791118791876919,67,2,Operations,0,0
59,3,109569,23,3.2487552442581005,1.5647962541487397,52,3,Sales,0,0
54,17,78211,19,3.8590131057757833,4.0540633746728485,43,3,Sales,0,0
58,18,43744,22,1.2738018102640671,1.4347301574987683,63,3,Sales,1,1
48,3,64995,12,2.670667983267979,4.925030309565107,48,4,HR,0,0
54,6,56977,4,1.4654339406579835,2.52646599643654,59,2,IT,1,1
25,9,74542,29,3.4511833421460416,4.100938155596224,49,0,HR,0,0
43,17,50651,20,4.753928632856619,2.3703643312445273,40,0,IT,1,1
23,18,118931,29,3.647110929886554,3.510675508635235,63,4,Operations,1,0
31,3,56715,8,1.3072121932576861,1.768064338960147,49,0,Finance,0,1
26,9,84409,24,2.4186648199403313,1.5840840771878502,63,3,Operations,0,0
31,0,64306,28,3.202653517763406,4.752256558272525,38,2,HR,0,0
54,17,59086,24,2.612831024533009,4.670589111617733,52,0,HR,0,0
59,4,54376,27,4.334576041900689,4.5498757608515294,50,0,IT,0,0
34,14,101350,21,4.258684018839957,3.501733800666374,45,1,HR,0,0
52,16,111425,5,3.4473240804128857,4.233072844865113,48,1,Sales,0,0
57,2,76636,4,2.493831780530821,1.2761477476454997,37,1,HR,1,0
45,11,91649,24,2.0213454950529766,2.3391561675627166,52,2,IT,0,0
36,1,74610,9,1.4234972728525173,2.254812499028625,54,3,IT,0,0
50,0,50058,7,2.419590733946216,3.542581287810453,59,3,Sales,1,1
29,16,114637,6,2.652690068830878,2.423831093882562,47,3,IT,0,0
26,15,118033,6,3.7032917004162944,1.5940271265747232,38,2,Finance,0,1
50,4,110194,5,3.632639297190294,3.385868301654175,48,2,Operations,0,0
25,14,116917,20,1.2804325585650278,4.257535682676326,67,1,HR,0,0
33,2,104200,28,2.581037261724631,2.5284939778398927,62,0,Finance,1,1
23,6,86619,19,1.7271154688694477,1.5290748603939268,42,4,HR,1,0
48,10,57154,2,1.6272508212672228,1.7867527892512922,68,4,Finance,0,0
52,9,59539,18,4.309208598948984,1.949933220677536,39,0,HR,0,1
57,8,100058,21,1.1676608668650301,2.199590371978145,39,1,Sales,1,0
57,13,102068,14,2.6767315036084853,3.5711802820252365,65,0,IT,0,0
47,12,117313,3,1.6728146230660728,3.403781938150876,43,0,IT,1,0
48,1,70373,27,4.5173208627138965,3.7843194462681566,66,4,Sales,1,0
26,2,73154,11,3.2281620531001405,2.4500079381260527,67,1,Finance,1,0
41,6,46031,5,1.925522545507392,4.295990607519913,37,2,Operations,0,1
32,17,111975,18,3.0097091486655057,1.816350644623041,64,4,Finance,0,1
31,2,62785,3,3.9259454388124633,2.8761629900726158,46,2,IT,0,1
59,9,118928,14,4.8324720356777355,4.203754886165721,63,1,Operations,1,0
27,6,68669,8,1.8817840169816757,1.720634590930477,37,0,HR,0,1
29,8,42282,4,4.54472708851738,1.4394524549631318,60,3,Operations,0,1
44,16,74624,12,4.737216456669961,4.534735870751959,64,3,Finance,1,0
47,10,88438,22,4.6656821781282645,2.3717186510367836,43,1,Sales,0,0
33,6,107534,25,3.5416574274476393,3.735480499636128,60,3,HR,0,0
47,13,71705,17,3.5192826177388308,1.101394417055754,36,2,Finance,0,0
34,18,78244,29,2.612842532735291,3.7601875536377984,37,3,HR,1,0
39,3,114964,29,4.009591529215152,2.264405246187882,38,1,Operations,0,0
46,5,77437,4,3.1251760734037277,1.222963414349767,59,1,IT,1,1
54,9,117872,24,3.709752284913178,3.439251046192468,47,2,Finance,1,0
33,6,114878,15,2.713831615395182,1.963215264292693,69,3,Sales,1,0
57,12,112982,26,3.9259858561725562,2.54722896820752,57,3,Operations,0,0
25,13,90583,18,4.297886070418196,1.3223232491460544,43,0,Finance,0,1
26,3,78392,13,1.5857450264112645,1.5886530043797813,36,4,Sales,0,1
58,7,47461,24,4.331718862296912,2.191908941983375,65,1,Finance,1,1
29,4,50516,29,3.161186127161229,1.3590380022406285,36,0,Operations,1,1
49,0,119285,15,4.378663636360898,4.643305058745261,66,1,Finance,0,0
52,3,57514,26,2.7252068253640584,1.0241881727359137,52,0,HR,1,0
30,2,76268,14,2.51616194153214,2.9354408754572456,47,4,Operations,0,0
50,8,76788,21,4.66024293006889,1.4929898325302058,39,0,Finance,0,1
35,7,115749,3,2.004677070193605,2.230716357911794,44,1,IT,0,1
43,0,101049,6,4.376849301144572,4.704238239273062,59,3,Finance,0,0
32,5,102493,15,2.9360822900376164,1.6467782130959474,68,1,HR,0,1
44,8,76027,23,3.056381770205039,4.86332927887333,64,2,Sales,0,1
22,6,82849,21,2.233873125957936,1.8231775079576868,41,2,Sales,0,0
58,3,57858,20,3.2921688024760627,3.9662644338673183,40,2,Sales,1,1
42,12,119003,21,2.3008447851048452,3.186709059589247,37,2,IT,0,0
47,16,92395,20,1.1570776569666092,4.537914910387037,47,4,HR,1,1
57,1,79758,7,2.087994421377424,3.2159730220125238,37,3,Operations,1,0
44,4,94312,16,1.0255161736263627,3.1382368766252347,60,3,Sales,0,0
22,11,108670,15,4.913419148227426,1.7818320014735995,58,1,HR,1,0
36,7,55434,26,4.86298883927899,1.664917448206635,40,0,Finance,1,1
42,5,104047,22,2.58062118988922,4.665956604462057,46,1,IT,1,0
30,7,87775,9,3.913483417358584,2.3113527954001363,36,1,HR,0,0
30,17,115769,9,2.3832243936417,2.4883290198515837,45,1,HR,0,0
31,2,106677,26,3.684372628343904,4.039294633713554,68,1,Operations,0,0
47,11,85734,1,4.221720172183916,2.3552939296912294,60,3,HR,0,0
56,2,80603,29,4.787024978768963,4.808249786556011,52,0,Operations,0,1
46,5,116708,8,2.600849103398688,3.951711075995201,55,1,IT,1,0
47,1,108803,16,4.133191931824191,3.38971697029368,56,3,IT,1,0
32,11,79332,10,2.063713802528475,4.5235806421790095,64,1,Finance,0,1
59,1,61312,9,4.961329215174594,1.198423633397931,64,2,Operations,1,1
23,5,84179,21,1.1030783950574046,2.028250768756835,42,1,Operations,1,0
28,16,111442,24,3.414115226004484,2.86014533688364,68,1,Sales,1,0
39,2,80379,16,3.6380239266053085,1.907914157886084,43,4,Sales,1,0
48,1,57297,3,3.7521822282965154,3.9756207492086078,54,2,Finance,0,1
55,19,42011,15,1.481550315156356,4.676832124214901,59,0,IT,0,1
48,7,84014,19,4.754119133892521,2.6950804797236936,53,1,Sales,0,0
38,11,51738,14,1.7247331162003312,2.36853040044758,39,0,HR,1,1
45,3,87498,24,3.4910136129593643,4.846202928550265,45,2,IT,1,0
46,4,51120,26,1.8907043164923398,2.7794097313101633,49,1,HR,0,1
28,12,48767,20,2.2288656680850836,2.956193601797133,42,4,Operations,0,0
27,14,62852,4,3.1858341669124974,2.4065994893676215,53,3,IT,1,0
45,15,119239,5,2.668773674258306,4.6381938920485535,57,4,Finance,0,1
54,9,40929,16,1.6409024039060252,3.275821933127403,61,4,Operations,0,1
50,15,117487,0,1.6837456096833932,4.048698348726578,66,3,Operations,1,0
43,11,57438,24,2.6725791526511986,4.247226873403545,60,3,HR,1,1
47,16,88515,18,4.0291319131020025,2.3673961676690327,61,3,Operations,0,1
49,15,45744,3,4.591858587391155,2.73477732528152,53,1,Sales,1,0
42,11,82417,16,1.3365106490375314,4.393887097625059,63,0,IT,0,0
28,7,47069,8,2.5724156302376042,2.453021406703241,67,0,Sales,1,0
38,19,82359,23,1.4009822548915065,4.175740533807405,53,3,HR,1,1
41,2,59799,1,1.0663699225303915,4.763969290297748,53,4,HR,0,1
41,15,110188,7,3.6468747305758265,3.492841492272028,67,2,IT,1,1
43,12,47597,14,3.409797767866351,3.9665091498075555,50,3,Operations,0,0
49,18,87093,6,1.6520764552595448,4.2203892481645395,57,4,Finance,1,0
28,7,77226,26,1.9352513323722564,4.38015859558657,41,4,HR,0,0
22,4,112127,5,1.0948310145780735,2.580213351427184,60,1,IT,1,1
53,19,117362,0,4.339788822777615,1.2050538367039927,66,1,Finance,1,0
34,7,66417,14,4.898762384194206,2.607505084946958,46,0,Operations,0,0
51,11,58693,22,1.5418381471787632,3.695024919136359,42,0,HR,1,1
44,0,119674,25,1.9259008550611925,2.801401543123171,39,2,IT,0,0
40,19,93161,6,4.473638095787736,3.995852603441594,62,2,IT,1,1
53,5,42169,28,4.705855191824739,2.4279297178746555,39,2,IT,1,0
